Name,Sample Customer,,,,,
Address,"123 Example St, SAN JOSE CA 95124",,,,,
Account Number,9000000000,,,,,
Service,9000000002,,,,,
,,,,,,
TYPE,DATE,START TIME,END TIME,USAGE (therms),COST,NOTES
Natural gas usage,7/2/2026,0:00,23:59,0,$0.00 ,
Natural gas usage,7/3/2026,0:00,23:59,0,$0.00 ,
Natural gas usage,7/4/2026,0:00,23:59,0,$0.00 ,
Natural gas usage,7/5/2026,0:00,23:59,1.06,$2.77 ,
Natural gas usage,7/6/2026,0:00,23:59,0,$0.00 ,
Natural gas usage,7/7/2026,0:00,23:59,0,$0.00 ,
Natural gas usage,7/8/2026,0:00,23:59,1.06,$2.77 ,
Natural gas usage,7/9/2026,0:00,23:59,0,$0.00 ,
Natural gas usage,7/10/2026,0:00,23:59,0,$0.00 ,
Natural gas usage,7/11/2026,0:00,23:59,1.06,$2.77 ,
Natural gas usage,7/12/2026,0:00,23:59,0,$0.00 ,
Natural gas usage,7/13/2026,0:00,23:59,0,$0.00 ,
Natural gas usage,7/14/2026,0:00,23:59,0,$0.00 ,
Natural gas usage,7/15/2026,0:00,23:59,1.06,$2.77 ,
Natural gas usage,7/16/2026,0:00,23:59,0,$0.00 ,
Natural gas usage,7/17/2026,0:00,23:59,1.06,$2.77 ,
Natural gas usage,7/18/2026,0:00,23:59,0,$0.00 ,
Natural gas usage,7/19/2026,0:00,23:59,0,$0.00 ,
Natural gas usage,7/20/2026,0:00,23:59,1.06,$2.75 ,
Natural gas usage,7/21/2026,0:00,23:59,0,$0.00 ,
Natural gas usage,7/22/2026,0:00,23:59,0,$0.00 ,
Natural gas usage,7/23/2026,0:00,23:59,1.06,$2.75 ,
Natural gas usage,7/24/2026,0:00,23:59,0,$0.00 ,
Natural gas usage,7/25/2026,0:00,23:59,1.06,$2.75 ,
Natural gas usage,7/26/2026,0:00,23:59,0,$0.00 ,
Natural gas usage,7/27/2026,0:00,23:59,0,$0.00 ,
Natural gas usage,7/28/2026,0:00,23:59,1.06,$2.76 ,
Natural gas usage,7/29/2026,0:00,23:59,0,$0.00 ,
Natural gas usage,7/30/2026,0:00,23:59,1.06,$2.76 ,
Natural gas usage,7/31/2026,0:00,23:59,0,$0.00 ,
Natural gas usage,8/1/2026,0:00,23:59,0,$0.00 ,
Natural gas usage,8/2/2026,0:00,23:59,1.06,$2.68 ,
Natural gas usage,8/3/2026,0:00,23:59,0,$0.00 ,
Natural gas usage,8/4/2026,0:00,23:59,1.05,$2.65 ,
Natural gas usage,8/5/2026,0:00,23:59,0,$0.00 ,
Natural gas usage,8/6/2026,0:00,23:59,0,$0.00 ,
Natural gas usage,8/7/2026,0:00,23:59,1.05,$2.65 ,
Natural gas usage,8/8/2026,0:00,23:59,0,$0.00 ,
Natural gas usage,8/9/2026,0:00,23:59,0,$0.00 ,
Natural gas usage,8/10/2026,0:00,23:59,0,$0.00 ,
Natural gas usage,8/11/2026,0:00,23:59,0,$0.00 ,
Natural gas usage,8/12/2026,0:00,23:59,0,$0.00 ,
Natural gas usage,8/13/2026,0:00,23:59,0,$0.00 ,
Natural gas usage,8/14/2026,0:00,23:59,0,$0.00 ,* This data was estimated
Natural gas usage,8/15/2026,0:00,23:59,0,$0.00 ,
Natural gas usage,8/16/2026,0:00,23:59,0,$0.00 ,
Natural gas usage,8/17/2026,0:00,23:59,1.05,$2.67 ,
Natural gas usage,8/18/2026,0:00,23:59,0,$0.00 ,
Natural gas usage,8/19/2026,0:00,23:59,0,$0.00 ,
Natural gas usage,8/20/2026,0:00,23:59,0,$0.00 ,
Natural gas usage,8/21/2026,0:00,23:59,1.05,$2.67 ,
